[{"__type__":"cc.Prefab","_name":"read","data":{"__id__":1},"asyncLoadAssets":null},{"__type__":"cc.Node","_name":"read","_children":[{"__id__":2}],"_components":[{"__type__":"cc.Sprite","node":{"__id__":1},"_spriteFrame":{"__uuid__":"63kOoEu8ZIGaRML530dtww"}},{"__type__":"0d2ddIvi55FY6z7qBmWlT75","node":{"__id__":1}}],"_prefab":{"__type__":"cc.PrefabInfo","root":{"__id__":1},"asset":{"__uuid__":"33jZZzlEVBdougVJQhhi3D"},"fileId":"0cynyFEGFGH6hxQz3UYrAW"},"_contentSize":{"__type__":"cc.Size","width":46,"height":46},"_position":{"__type__":"cc.Vec2","y":121}},{"__type__":"cc.Node","_name":"New Sprite","_parent":{"__id__":1},"_components":[{"__type__":"cc.Sprite","node":{"__id__":2},"_spriteFrame":{"__uuid__":"08ynKcTSNLpo+WERWEXZNx"}}],"_prefab":{"__type__":"cc.PrefabInfo","root":{"__id__":1},"asset":{"__uuid__":"33jZZzlEVBdougVJQhhi3D"},"fileId":"38GG4yqQlNTpUHku6vcXb1"},"_contentSize":{"__type__":"cc.Size","width":33,"height":32}}]